Wavelength,Dual-GcaMP6f,Dual-tdTomato
348.557,6.51E-06,0.00E+00
349.353,6.51E-06,0
350.149,6.51E-06,0
350.945,4.52E-05,0
351.741,0.000125734,0.00E+00
352.536,0.000235223,0.00E+00
353.332,0.000328174,0.00E+00
354.128,0.000346455,0
354.923,0.000384749,0
355.719,0.000343606,0.00E+00
356.514,0.000352489,0
357.31,0.000419892,0
358.105,0.000456372,0
358.9,4.84E-04,0.00E+00
359.695,0.000475307,0
360.49,0.000394009,0
361.285,0.000310554,0
362.08,0.00031245,0.00E+00
362.875,0.000398619,0.00E+00
363.669,5.03E-04,0
364.464,0.000523935,0
365.259,0.000607827,0
366.053,0.000646074,0
366.848,0.000573771,0
367.642,0.000506498,0
368.436,0.000446952,0.00E+00
369.23,3.55E-04,0
370.025,0.00030541,0
370.819,0.000226356,0.00E+00
371.613,0.000181226,0
372.406,0.000177209,0
373.2,0.000168523,0
373.994,0.000154352,0
374.788,0.000174255,0
375.581,0.000178171,0
376.375,0.00026622,0
377.168,0.000288894,0.00E+00
377.962,0.000303553,0.00E+00
378.755,0.000344793,0
379.548,0.000347934,0
380.341,0.000275229,0
381.134,0.000309909,0
381.927,0.000350052,0
382.72,0.000385632,0
383.513,3.89E-04,0.00E+00
384.306,0.000380234,0
385.098,3.62E-04,0
385.891,3.22E-04,0
386.684,0.000309982,0
387.476,0.000270804,0
388.268,0.000297445,0.00E+00
389.061,0.000349627,0
389.853,0.000304666,0.00E+00
390.645,0.000232999,0
391.437,2.71E-04,0
392.229,0.000251016,0
393.021,0.000284653,0.00E+00
393.813,0.000301785,0
394.605,3.65E-04,0
395.396,0.000351723,0
396.188,0.000287898,0
396.979,0.00024074,0
397.771,0.000236686,0
398.562,0.000200255,0
399.353,0.000226262,0
400.145,0.00029571,0
400.936,0.000328568,0
401.727,0.000386632,0
402.518,5.16E-04,0
403.309,5.93E-04,0
404.1,0.000621225,0
404.89,0.000577229,0
405.681,0.000455177,0
406.472,0.000376571,0
407.262,0.000349701,0
408.053,0.000366169,0
408.843,0.000372511,0
409.633,0.000399061,0
410.424,0.000421255,0
411.214,0.000431186,0
412.004,0.000399108,0.00E+00
412.794,4.21E-04,0
413.584,0.000465346,0
414.374,0.000451026,0.00E+00
415.163,0.000443758,0
415.953,0.000471156,0
416.743,0.000516134,0
417.532,0.000560229,0
418.322,0.000535576,0
419.111,0.000482511,0
419.9,0.000434416,0
420.69,0.000373766,0
421.479,3.36E-04,0
422.268,3.87E-04,0
423.057,0.000435697,0
423.846,0.000492108,0
424.635,4.47E-04,0
425.424,0.000398338,0
426.212,0.00030442,0
427.001,0.000172636,0
427.789,8.05E-05,0
428.578,4.78E-05,0
429.366,5.24E-05,0
430.155,1.40E-04,0
430.943,0.000215879,0
431.731,0.000318121,0
432.519,0.00033758,0
433.307,0.000338385,0
434.095,0.00034361,0
434.883,0.000342688,0
435.671,0.000334173,0
436.458,0.000377229,0
437.246,0.000402325,0
438.033,4.13E-04,0
438.821,0.000310154,0
439.608,0.000306836,0
440.396,0.000320418,0
441.183,0.000318676,0
441.97,0.000297137,0
442.757,3.32E-04,0
443.544,0.000334799,0
444.331,0.000308589,0
445.118,0.000193048,0
445.905,0.000216455,0
446.691,2.37E-04,0
447.478,0.000291154,0
448.265,0.000276913,0
449.051,0.000306224,0
449.837,0.000322852,0
450.624,0.000351775,0
451.41,0.00034557,0
452.196,0.00040525,0
452.982,0.00047561,0
453.768,0.000558414,0
454.554,0.000578948,0
455.34,0.000597061,0
456.126,0.000563567,0
456.912,0.000607,0
457.697,0.000523736,0
458.483,0.000590364,0
459.268,0.000614957,0
460.054,0.000616918,0
460.839,0.000707502,0
461.624,0.000764203,0
462.409,0.000784126,0
463.194,0.00084739,0
463.979,0.000896177,0
464.764,0.001106316,0
465.549,0.001190407,0
466.334,0.001262143,0
467.119,0.00138174,0
467.903,0.001493212,0
468.688,0.001483918,0
469.472,0.001500268,0
470.257,0.001611039,0
471.041,0.001736468,0
471.825,0.001768433,0
472.609,0.001841649,0
473.393,0.002089727,0
474.177,0.002320113,0
474.961,0.002363056,0
475.745,0.002515472,0
476.529,0.002563082,0
477.313,0.002558229,0
478.096,0.002527074,0
478.88,0.002655381,0
479.663,0.002757169,0
480.447,0.002947433,0
481.23,0.003031372,0
482.013,0.003331502,0
482.796,0.003601827,0
483.579,0.00388668,0
484.362,0.00422032,0
485.145,0.004627424,0
485.928,0.004688281,0
486.711,0.005037957,0
487.494,0.005403087,0
488.276,0.005818429,0
489.059,0.006240558,0
489.841,0.006648649,0
490.623,0.006942619,0
491.406,0.007406823,0
492.188,0.007682667,0
492.97,0.008238429,0
493.752,0.008447338,0
494.534,0.008334377,0
495.316,0.008010944,0
496.098,0.010302212,0
496.88,0.016501147,0
497.661,0.028575104,0
498.443,0.048706307,0
499.224,0.079092446,0
500.006,0.115954922,0
500.787,0.159377368,0
501.569,0.207441597,0
502.35,0.259448693,0
503.131,0.312042268,0
503.912,0.364039684,0
504.693,0.416610974,0
505.474,0.47122129,0
506.255,0.524010524,0
507.035,0.57860332,0
507.816,0.63509142,0
508.597,0.691938442,0
509.377,0.746286771,0
510.158,0.798258329,0
510.938,0.845988554,0
511.718,0.889536736,0
512.498,0.924393896,0
513.279,0.953867788,0
514.059,0.975825065,0
514.839,0.989419139,0
515.618,0.995266991,0
516.398,0.994843035,0
517.178,0.98843003,0
517.958,0.977096571,0
518.737,0.959822433,0
519.517,0.939028186,0
520.296,0.913321654,0
521.075,0.883746221,0
521.855,0.851171879,0
522.634,0.816084052,0
523.413,0.780450424,0
524.192,0.744423991,0
524.971,0.709270922,0
525.75,0.675387541,0
526.529,0.643787398,0
527.307,0.614946589,0
528.086,0.588346727,0
528.865,0.563754706,0
529.643,0.541293173,0.001482854
530.421,0.520241649,0.002698183
531.2,0.500427385,0.00310104
531.978,0.481111606,0.003645211
532.756,0.462680883,0.004409249
533.534,0.44534432,0.004962544
534.312,0.42915071,0.005655801
535.09,0.414252563,0.006622318
535.868,0.401373485,0.007608116
536.646,0.390079766,0.009444199
537.424,0.380013641,0.01264998
538.201,0.37046871,0.01633527
538.979,0.36147203,0.019027719
539.756,0.352822597,0.02000778
540.534,0.344903039,0.0208542
541.311,0.335814299,0.022016668
542.088,0.3226251,0.023834621
542.865,0.302198264,0.025823894
543.642,0.273112455,0.028695687
544.419,0.235171593,0.033711815
545.196,0.190479827,0.032096193
545.973,0.143279723,0.008437458
546.75,0.09876245,0.001161707
547.527,0.060903329,8.26E-05
548.303,0.032308078,1.19E-05
549.08,0.013463545,1.88E-06
549.856,0.003429671,5.17E-07
550.632,-0.000283745,2.14E-07
551.409,-0.000390342,1.18E-07
552.185,0.000537303,1.21E-07
552.961,0.001063983,1.37E-07
553.737,0.001121476,1.52E-07
554.513,0.001135238,1.70E-07
555.289,0.001150892,1.90E-07
556.065,0.001049745,2.13E-07
556.841,0.00096097,2.33E-07
557.616,0.000944147,2.58E-07
558.392,0.000940048,2.85E-07
559.167,0.000974835,3.14E-07
559.943,0.00096484,3.40E-07
560.718,0.000660554,3.72E-07
561.493,0.000738776,4.05E-07
562.269,0.00078253,4.39E-07
563.044,0.000838954,4.69E-07
563.819,0.000903349,5.04E-07
564.594,0.000904824,5.40E-07
565.369,0.000904891,5.76E-07
566.143,0.000894254,6.08E-07
566.918,0.000819057,6.42E-07
567.693,0.000706651,1.35E-06
568.467,0.000625003,3.34E-06
569.242,0.000979054,1.08E-05
570.016,0.002223264,4.31E-05
570.791,0.004966651,0.000305502
571.565,0.009492021,0.003149962
572.339,0.015975321,0.038078735
573.113,0.024069618,0.295587228
573.887,0.033227118,0.743274818
574.661,0.042602288,0.903962858
575.435,0.051446682,0.927440446
576.209,0.058881818,0.952281599
576.982,0.064565709,0.977402937
577.756,0.068192785,0.97840056
578.529,0.070076182,0.98372397
579.303,0.070575497,0.998454055
580.076,0.070141567,0.994771206
580.85,0.06927263,0.986741593
581.623,0.068243734,0.990263377
582.396,0.067217973,1
583.169,0.066284121,0.996369734
583.942,0.065460606,0.983789753
584.715,0.064818785,0.973484887
585.488,0.064186518,0.97447337
586.261,0.063346397,0.973075537
587.033,0.062527997,0.963763718
587.806,0.061593173,0.94686076
588.578,0.060643388,0.936916454
589.351,0.059710567,0.935645986
590.123,0.05899504,0.930462158
590.895,0.058384373,0.914767003
591.668,0.057820012,0.89870167
592.44,0.057312236,0.889806121
593.212,0.056910333,0.882569477
593.984,0.056559188,0.87319588
594.756,0.056077315,0.860438333
595.527,0.055581742,0.847888197
596.299,0.055115736,0.83651118
597.071,0.054565543,0.828572775
597.842,0.053977833,0.823977564
598.614,0.05339966,0.815243165
599.385,0.052819627,0.806292458
600.157,0.052258224,0.797369796
600.928,0.051501691,0.78847238
601.699,0.05080657,0.777671035
602.47,0.050123503,0.766454929
603.241,0.049433724,0.757412889
604.012,0.048540391,0.750246799
604.783,0.047705803,0.744400116
605.554,0.046835191,0.737652364
606.324,0.0459496,0.729434225
607.095,0.045032091,0.717584879
607.866,0.044263734,0.708967945
608.636,0.043493827,0.70353281
609.406,0.042668158,0.699142168
610.177,0.041660067,0.692730329
610.947,0.040805969,0.683795452
611.717,0.039924009,0.6750975
612.487,0.039109752,0.665542758
613.257,0.038289591,0.65795969
614.027,0.037472467,0.653653565
614.797,0.036643246,0.649187803
615.567,0.035803303,0.642330968
616.336,0.034945539,0.635237836
617.106,0.034063154,0.628339812
617.875,0.033280194,0.62259275
618.645,0.032554303,0.613727063
619.414,0.03194067,0.603789047
620.184,0.031187785,0.594276344
620.953,0.030582688,0.587410813
621.722,0.030098594,0.581361405
622.491,0.029630424,0.572435548
623.26,0.029055431,0.56327855
624.029,0.028585961,0.556228728
624.798,0.028172143,0.54644282
625.566,0.027837336,0.538059165
626.335,0.027380224,0.530294004
627.103,0.02697886,0.519723981
627.872,0.026555988,0.50826455
628.64,0.02607593,0.502246144
629.409,0.025510034,0.496482752
630.177,0.024892467,0.489807271
630.945,0.024404476,0.481510531
631.713,0.023897385,0.472880576
632.481,0.023509215,0.465383406
633.249,0.023079188,0.458042922
634.017,0.022714515,0.447465882
634.785,0.022376873,0.440169689
635.552,0.021957557,0.431878811
636.32,0.021503373,0.42451615
637.088,0.021120642,0.415458827
637.855,0.020658118,0.407244124
638.622,0.020291882,0.400091774
639.39,0.019902849,0.39102758
640.157,0.019611588,0.382082607
640.924,0.019367251,0.375927775
641.691,0.019055336,0.36798261
642.458,0.018804588,0.361889509
643.225,0.018538788,0.356602093
643.992,0.018199021,0.349805847
644.758,0.017886306,0.339298213
645.525,0.017582237,0.331372304
646.292,0.01728237,0.323825518
647.058,0.017018049,0.316518034
647.825,0.016676233,0.311072795
648.591,0.016423206,0.304867107
649.357,0.016155903,0.298008535
650.123,0.015899442,0.292025621
650.889,0.015647979,0.28838736
651.655,0.015461851,0.279754402
652.421,0.015293618,0.273958974
653.187,0.015140403,0.269089985
653.953,0.01487904,0.262454082
654.719,0.014611191,0.255759252
655.484,0.014358758,0.247936958
656.25,0.01420904,0.240465807
657.015,0.014046218,0.23445251
657.781,0.013860067,0.228735584
658.546,0.013659503,0.225301217
659.311,0.01351077,0.221262897
660.076,0.013214,0.215969795
660.841,0.013013869,0.210841977
661.606,0.012757561,0.205548956
662.371,0.012607773,0.201321498
663.136,0.012462239,0.198377889
663.901,0.012284124,0.195032897
664.665,0.011980664,0.191021978
665.43,0.011834579,0.187730623
666.195,0.011645227,0.184045281
666.959,0.01148447,0.180047824
667.723,0.011235851,0.174650316
668.488,0.011046194,0.170624415
669.252,0.010829224,0.167680603
670.016,0.010658815,0.164749164
670.78,0.010445931,0.161867442
671.544,0.010321294,0.157844671
672.308,0.010222212,0.153652235
673.071,0.010048391,0.15102591
673.835,0.009926921,0.147694551
674.599,0.009792325,0.144045506
675.362,0.009648403,0.140998743
676.126,0.009499994,0.138718795
676.889,0.009418585,0.135580242
677.652,0.009246503,0.132581299
678.416,0.009118785,0.130610423
679.179,0.008950754,0.128211284
679.942,0.008821728,0.12461275
680.705,0.008725231,0.121186896
681.468,0.00853414,0.118573824
682.231,0.008320234,0.116806825
682.993,0.008177524,0.114130719
683.756,0.008038894,0.111296634
684.518,0.007888058,0.108919745
685.281,0.007795612,0.106458258
686.043,0.007671212,0.104831597
686.806,0.007579094,0.103577596
687.568,0.007382506,0.101041636
688.33,0.007227409,0.098887313
689.092,0.007083546,0.097094103
689.854,0.0069407,0.094817389
690.616,0.006772606,0.092893233
691.378,0.006654145,0.090762564
692.14,0.006504091,0.088893926
692.902,0.00640974,0.086909264
693.663,0.006340585,0.084457827
694.425,0.006295612,0.083063656
695.186,0.006233525,0.082025276
695.948,0.006081409,0.080345876
696.709,0.005952449,0.077169352
697.47,0.005815303,0.075569102
698.231,0.005703203,0.07486737
698.992,0.005486891,0.073520754
699.753,0.005361439,0.070656386
700.514,0.005296285,0.069559066
701.275,0.005215924,0.068926602
702.036,0.005110124,0.068154268
702.796,0.005018539,0.067198121
703.557,0.004905237,0.06676883
704.317,0.004771497,0.067161036
705.078,0.004463324,0.0680442
705.838,0.004189158,0.067202774
706.598,0.003816564,0.064204169
707.358,0.003349119,0.057069151
708.119,0.00281253,0.047055327
708.879,0.002250161,0.034513053
709.638,0.001709236,0.023174405
710.398,0.001246794,0.014299301
711.158,0.000832458,0.009110337
711.918,0.000578803,0.006437534
712.677,0.000429337,0.004649368
713.437,0.000361106,0.003650932
714.196,0.000352427,0.002937285
714.956,0.00033903,0.002397984
715.715,0.000278072,0.001725001
716.474,0.000246269,0.000948253
717.233,0.000178651,0.000483307
717.992,1.62E-04,0.000203067
718.751,0.000168215,9.02E-05
719.51,0.000151001,4.47E-05
720.269,0.000169476,2.23E-05
721.028,0.000130751,1.22E-05
721.786,6.06E-05,6.74E-06
722.545,4.67E-05,3.92E-06
723.303,2.68E-05,2.36E-06
724.062,7.12E-05,1.49E-06
724.82,0.000103202,9.99E-07
725.578,0.000117695,6.62E-07
726.336,1.21E-04,5.04E-07
727.095,0.000142533,3.79E-07
727.853,0.000127359,2.78E-07
728.61,1.62E-04,2.27E-07
729.368,0.000172219,1.77E-07
730.126,0.000176004,1.52E-07
730.884,0.000175063,1.26E-07
731.641,1.17E-04,1.13E-07
732.399,7.89E-05,9.94E-08
733.156,2.88E-05,9.18E-08
733.914,-1.34E-05,8.78E-08
734.671,3.69E-05,8.78E-08
735.428,5.34E-05,9.13E-08
736.185,8.76E-05,9.72E-08
736.942,1.65E-04,9.62E-08
737.699,1.79E-04,1.02E-07
738.456,2.04E-04,1.19E-07
739.213,1.64E-04,1.39E-07
739.969,0.000149282,1.75E-07
740.726,0.000119524,2.08E-07
741.483,8.93E-05,2.71E-07
742.239,7.01E-05,4.03E-07
742.995,0.000121568,6.86E-07
743.752,1.43E-04,1.24E-06
744.508,2.09E-04,2.44E-06
745.264,0.000275388,8.01E-06
746.02,0.000251469,3.93E-05
746.776,0.000197487,0.000339258
747.532,0.000130435,0.0003962
748.288,8.89E-05,9.86E-05
749.043,6.09E-05,3.29E-05
749.799,6.21E-05,2.56E-05
750.555,1.12E-04,2.49E-05
751.31,0.000181266,3.01E-05
752.066,0.000185531,4.89E-05
752.821,2.11E-04,9.08E-05
753.576,0.000243302,0.000241894
754.331,0.000311343,0.000738465
755.086,0.000328854,2.38E-03
755.841,0.000334833,0.004241798
756.596,0.000312921,0.005526121
757.351,0.000345573,0.008060688
758.106,0.000300329,0.007770349
758.861,0.000251483,0.002082773
759.615,0.000214664,0.000375724
760.37,0.000180158,8.02E-05
761.124,0.000150661,2.20E-05
761.878,9.78E-05,6.31E-06
762.633,8.42E-05,2.38E-06
763.387,0.000144043,1.05E-06
764.141,0.000175833,5.89E-07
764.895,0.000210165,2.79E-07
765.649,0.000183034,1.53E-07
766.403,1.84E-04,8.71E-08
767.157,0.0001431,5.28E-08
767.91,0.00011404,3.33E-08
768.664,7.45E-05,1.64E-08
769.417,4.14E-05,8.21E-09
770.171,6.00E-06,4.15E-09
770.924,-2.20E-05,2.74E-09
771.677,-3.66E-05,-2.01E-09
772.431,-1.21E-05,-5.18E-09
773.184,-2.22E-05,-6.74E-09
773.937,4.05E-05,-6.48E-09
774.69,6.37E-05,-4.17E-09
775.443,6.68E-05,-2.19E-09
776.196,2.69E-05,2.10E-11
776.948,5.33E-05,3.60E-09
777.701,5.22E-05,6.62E-09
778.453,4.28E-05,1.16E-08
779.206,7.58E-05,1.60E-08
779.958,1.25E-04,1.95E-08
780.711,1.41E-04,2.11E-08
781.463,0.000136656,8.12E-09
782.215,9.12E-05,-1.58E-08
782.967,7.91E-05,-1.90E-08
783.719,1.18E-05,1.89E-08
784.471,2.59E-05,5.17E-08
785.223,7.90E-05,8.59E-08
785.975,0.000113217,2.96E-07
786.726,0.000176986,1.03E-06
787.478,1.72E-04,1.92E-06
788.229,0.000181266,1.73E-06
788.981,0.000126757,5.21E-07
789.732,0.000108637,4.14E-07
790.483,0.000150084,2.32E-07
791.234,1.23E-04,1.37E-07
791.986,1.15E-04,7.65E-08
792.737,0.000136689,7.22E-08
793.487,1.34E-04,6.16E-08
794.238,1.52E-04,5.71E-08
794.989,8.76E-05,6.49E-08
795.74,1.21E-04,6.20E-08
796.49,0.000114281,5.99E-08
797.241,5.67E-05,5.84E-08
797.991,2.95E-05,6.13E-08
798.742,-2.06E-05,3.31E-08
799.492,-2.41E-05,-6.80E-08
800.242,-3.77E-05,-3.40E-07
800.992,-4.10E-05,-4.76E-07
801.742,3.48E-05,-7.61E-07
802.492,3.73E-05,-1.62E-06
803.242,4.76E-05,-3.07E-06
803.992,8.93E-05,-2.74E-06
804.742,9.70E-05,-7.23E-06
805.491,0.000106206,-2.67E-05
806.241,0.000105086,-4.55E-05
806.99,1.43E-04,-1.77E-05
807.739,0.000162628,5.22E-05
808.489,0.000161813,4.07E-05
809.238,1.11E-04,2.95E-05
809.987,9.13E-05,5.85E-05
810.736,9.00E-05,2.24E-05
811.485,5.88E-05,-1.63E-05
812.234,6.13E-05,-2.12E-05
812.983,9.33E-05,7.61E-06
813.732,0.000129182,1.23E-05
814.48,0.000170269,4.04E-05
815.229,0.000158109,7.77E-05
815.977,0.000113236,7.67E-05
816.726,0.000103797,0.000158582
817.474,7.01E-05,0.000151671
818.222,7.12E-05,0.000108357
818.97,9.16E-05,7.37E-05
819.718,9.04E-05,3.85E-05
820.466,9.77E-05,2.19E-05
821.214,0.000132606,1.16E-05
821.962,0.000110258,5.14E-06
822.71,0.000144788,3.38E-06
823.457,1.19E-04,2.61E-06
824.205,0.000134632,2.35E-06
824.952,0.000136142,1.74E-06
825.7,6.30E-05,2.50E-06
826.447,5.57E-05,2.98E-06
827.194,9.16E-05,3.03E-06
827.942,0.000111933,2.46E-06
828.689,0.000143615,-1.13E-07
829.436,0.000134651,-2.70E-06
830.183,0.000141748,-1.31E-05
830.929,1.36E-04,-9.30E-05
831.676,0.000120163,-0.000377801
832.423,0.000164115,-0.000628862
833.169,0.000167567,-8.17E-04
833.916,0.00013652,-0.000630362
834.662,0.000105967,-0.000391298
835.409,8.56E-05,-0.000230942
836.155,6.79E-05,-0.000124817
836.901,0.000103999,-9.33E-05
837.647,0.00016514,-5.06E-05
838.393,0.000190129,-2.56E-05
839.139,1.34E-04,-1.52E-05
839.885,7.75E-05,-5.37E-06
840.631,5.10E-05,-4.85E-06
841.376,6.71E-05,-4.67E-06
842.122,5.26E-05,-3.17E-06
842.867,0.000109112,6.64E-06
843.613,0.000145667,1.42E-05
844.358,0.000148385,1.65E-05
845.104,0.000132464,1.38E-05
845.849,0.000116767,1.63E-05
846.594,0.000130464,1.77E-05
847.339,0.000173536,1.33E-05
848.084,0.000166552,5.87E-06
848.829,0.000199445,3.52E-06
849.573,1.81E-04,1.79E-06
850.318,0.000193549,9.72E-07
851.063,0.000181706,5.01E-07
851.807,0.000152224,1.64E-07
852.552,0.000135136,1.47E-08
853.296,0.000129988,-7.12E-09
854.04,1.22E-04,2.74E-08
854.784,0.000130103,2.70E-07
855.529,0.000145082,3.15E-07
856.273,2.27E-04,2.95E-07
857.017,0.000250758,2.69E-07
857.76,0.000211964,3.52E-07
858.504,1.22E-04,3.03E-07
859.248,7.47E-05,1.49E-07
859.992,4.10E-05,-1.85E-07
860.735,1.14E-05,-2.74E-07
861.479,9.15E-05,-3.70E-07
862.222,0.000204915,-4.46E-07
862.965,0.000266204,-5.35E-07
863.708,0.000255382,-5.69E-07
864.452,0.000169908,-1.58E-06
865.195,0.0001725,-3.90E-06
865.938,0.000180867,-6.36E-06
866.68,1.11E-04,-1.24E-05
867.423,1.80E-04,-3.75E-05
868.166,0.000221334,-7.77E-05
868.908,0.000272525,-0.000107024
869.651,0.000253959,8.57E-05
870.394,0.000201707,0.000110145
871.136,0.00020222,8.38E-05
871.878,0.000175601,7.42E-05
872.62,0.000130814,5.09E-05
873.363,0.000128846,3.10E-05
874.105,0.000121978,2.20E-05
874.847,1.52E-04,3.09E-05
875.588,0.000179343,-2.15E-06
876.33,0.000196986,-1.81E-04
877.072,1.76E-04,-0.000752661
877.814,0.000170049,-0.000535052
878.555,0.000199973,0.00036279
879.297,0.000212237,0.000401143
880.038,2.13E-04,1.66E-04
880.779,0.000243427,0.000103221
881.52,0.000260673,8.64E-05
882.262,0.000229309,5.76E-05
883.003,0.000179866,1.82E-05
883.744,0.000170127,-1.31E-05
884.485,0.000181243,-1.11E-05
885.225,0.000222352,-1.84E-06
885.966,0.000203433,-5.01E-06
886.707,0.000233328,1.75E-06
887.447,0.000235439,8.96E-06
888.188,0.000209315,1.39E-05
888.928,0.000205143,8.08E-06
889.668,0.000192053,-6.03E-06
890.409,0.00017374,-1.17E-05
891.149,0.000118608,-9.79E-06
891.889,7.76E-05,-2.01E-06
892.629,6.34E-05,-2.94E-06
893.369,3.69E-05,4.67E-06
894.108,5.40E-05,2.17E-05
894.848,0.000104168,1.57E-05
895.588,1.42E-04,1.79E-05
896.327,0.000162621,1.23E-05
897.067,0.000157611,-3.24E-06
897.806,0.000146916,2.60E-05
898.546,1.02E-04,3.71E-05
899.285,9.37E-05,5.45E-05
900.024,0.000124209,8.59E-05
900.763,0.000100577,5.39E-05
901.502,7.74E-05,1.78E-05
902.241,8.32E-05,-1.96E-05
902.98,0.0001037,-5.28E-05
903.718,7.81E-05,-3.15E-05
904.457,9.83E-05,-4.22E-05
905.196,0.00018646,-4.92E-05
905.934,0.000204341,2.38E-05
906.672,0.0001678,1.44E-04
907.411,0.000176436,0.000236556
908.149,1.98E-04,0.000289817
908.887,2.01E-04,1.90E-04
909.625,0.000155248,0.000119119
910.363,0.000153118,6.48E-05
911.101,0.00014719,3.10E-05
911.839,0.000105077,-4.71E-05
912.577,7.46E-05,-8.22E-05
913.314,8.12E-05,-8.18E-05
914.052,4.26E-05,-5.55E-05
914.789,3.54E-05,-1.45E-05
915.527,2.86E-06,-3.24E-05
916.264,2.14E-05,-5.12E-05
917.001,3.72E-05,-3.74E-05
917.738,0.000108408,-3.80E-05
918.475,0.000181417,-3.12E-05
919.212,0.000189816,-2.68E-05
919.949,0.000149993,-2.95E-05
920.686,0.000133903,-1.88E-05
921.423,0.000100779,-1.84E-05
922.16,6.82E-05,-2.10E-05
922.896,-1.08E-05,-1.92E-05
923.633,-3.59E-05,-7.48E-06
924.369,-3.22E-05,-3.00E-07
925.105,-4.58E-05,7.69E-07
925.841,-3.26E-05,-2.34E-06
926.578,-5.07E-05,1.88E-06
927.314,5.94E-06,3.88E-06
928.05,1.03E-05,2.39E-06
928.786,4.09E-05,-8.95E-07
929.521,8.71E-05,-7.04E-07
930.257,0.00012728,3.24E-07
930.993,0.000122235,7.17E-07
931.728,0.000157435,4.23E-07
932.464,1.46E-04,8.74E-07
933.199,0.000156601,1.73E-06
933.934,0.000168594,2.84E-06
934.67,2.20E-04,2.10E-06
935.405,0.00022888,2.47E-06
936.14,0.000222466,3.55E-06
936.875,0.000137885,2.96E-06
937.61,1.23E-04,2.54E-06
938.345,0.000128176,1.89E-06
939.079,0.000100682,9.17E-07
939.814,8.93E-05,1.91E-06
940.548,6.33E-05,7.93E-07
941.283,8.17E-05,-1.29E-06
942.017,0.000106089,-2.17E-06
942.752,1.22E-04,-4.85E-06
943.486,0.000136802,-7.90E-06
944.22,0.000165033,-1.31E-05
944.954,0.000160467,-2.63E-05
945.688,8.68E-05,-4.07E-05
946.422,4.70E-05,-6.05E-05
947.156,3.69E-05,-9.46E-05
947.889,1.19E-05,-0.000146127
948.623,3.44E-05,-0.000220905
949.357,7.72E-05,-3.24E-04
950.09,0.000148441,-4.17E-04
950.823,0.000157462,-5.32E-04
951.557,0.000155636,-0.000605479
952.29,1.57E-04,-5.68E-04
953.023,1.59E-04,-0.000413206
953.756,0.000107257,-0.000365952
954.489,4.63E-05,-0.000252073
955.222,5.92E-05,-0.000144709
955.955,1.05E-04,-1.34E-04
956.687,9.17E-05,3.02E-05
957.42,6.29E-05,7.90E-05
958.153,1.99E-05,4.99E-05
958.885,-9.97E-06,8.98E-05
959.617,-4.72E-05,0.000245853
960.35,-7.23E-05,4.04E-04
961.082,-0.000112508,0.000466114
961.814,-5.59E-05,0.000381605
962.546,-1.72E-05,3.66E-04
963.278,-4.58E-05,3.33E-04
964.01,-8.81E-06,0.000271234
964.742,9.20E-06,0.000101152
965.473,8.14E-05,2.58E-05
966.205,0.000137855,9.65E-06
966.937,9.16E-05,-1.03E-05
967.668,8.40E-05,-6.28E-05
968.399,5.32E-05,-0.000143411
969.131,-4.82E-06,-0.000246515
969.862,1.27E-05,-0.000140756
970.593,-1.39E-05,-0.000121179
971.324,1.47E-05,-6.85E-05
972.055,2.13E-05,-1.95E-05
972.786,-4.30E-05,-0.000155694
973.517,-5.66E-05,4.44E-05
974.247,-3.09E-05,7.90E-05
974.978,3.14E-05,3.54E-05
975.708,6.16E-05,1.46E-06
976.439,7.91E-05,-1.05E-05
977.169,0.000103539,-9.67E-06
977.899,3.49E-05,-4.92E-07
978.63,-1.65E-05,-3.38E-06
979.36,2.11E-06,-4.35E-06
980.09,2.48E-05,-3.29E-06
980.82,5.84E-05,-3.24E-06
981.55,3.69E-05,-1.75E-06
982.279,6.00E-05,-1.80E-06
983.009,9.74E-05,-3.65E-06
983.739,6.88E-05,-2.57E-06
984.468,0.000109484,-1.85E-06
985.198,0.000111364,-1.65E-06
985.927,9.08E-05,-1.93E-06
986.656,7.56E-06,-1.01E-06
987.385,-1.45E-06,2.85E-09
988.114,-3.61E-05,1.23E-06
988.843,-1.24E-05,3.20E-06
989.572,1.89E-05,4.30E-06
990.301,6.00E-05,6.43E-06
991.03,7.81E-05,1.15E-05
991.759,5.38E-05,9.71E-06
992.487,5.99E-06,1.17E-05
993.216,7.76E-05,1.63E-05
993.944,2.90E-05,2.16E-05
994.672,1.69E-05,3.34E-05
995.401,6.48E-05,4.17E-05
996.129,9.14E-05,3.67E-05
996.857,8.90E-05,9.67E-05
997.585,1.30E-04,4.94E-05
998.313,1.76E-04,-8.66E-05
999.041,0.000255185,-0.00010772
999.768,2.18E-04,2.73E-05
1000.496,0.000126746,1.08E-06
1001.224,6.88E-05,0.000250634
1001.951,-1.87E-05,0.000107091
1002.679,-5.42E-05,-4.12E-05
1003.406,-8.19E-06,0.000381274
1004.133,-3.02E-06,0.000233595
1004.86,8.28E-05,0.000245595
1005.587,0.000118684,-0.000317549
1006.314,8.36E-05,-0.000156357
1007.041,7.67E-05,0.000234409
1007.768,5.54E-05,0.000116402
1008.495,0.000138366,9.07E-05
1009.221,0.00012747,-0.000416031
1009.948,0.000114708,0.000397951
1010.674,7.88E-05,0.00010517
1011.401,7.53E-05,0.000108515
1012.127,2.98E-05,0.000129486
1012.853,-1.64E-05,9.55E-05
1013.579,-2.00E-05,0.000498671
1014.305,5.26E-05,-3.08E-05
1015.031,6.26E-05,0.000105781
1015.757,0.000113729,0.000361184
1016.483,0.000139658,0.000249889
1017.209,0.000173163,0.000364958
1017.934,0.000123379,0.000498942
1018.66,4.41E-05,0.000229934
1019.385,4.00E-05,-4.14E-05
1020.111,1.01E-05,0.000498128
1020.836,-5.39E-06,-4.02E-05
1021.561,-1.66E-05,0.000363941
1022.286,1.53E-05,9.96E-05
1023.011,3.91E-05,0.000233369
1023.736,3.46E-05,0.000354563
1024.461,1.54E-05,0.000505088
1025.186,9.10E-05,8.70E-05
1025.911,0.000131937,0.000378359
1026.635,0.000157981,-0.000175904
1027.36,0.000121364,7.09E-05
1028.084,0.000114823,0.00035854
1028.809,7.00E-05,8.67E-05
1029.533,-2.83E-06,-4.87E-05
1030.257,-0.000124149,0.000211246
1030.981,-1.18E-04,7.67E-05
1031.705,-7.32E-05,0.000350111
1032.429,-1.02E-05,9.96E-05
1033.153,4.38E-05,-6.12E-05
1033.877,0.000133645,0.00023355
1034.6,0.000132571,0.000335829
1035.324,1.13E-04,9.01E-05
1036.047,6.26E-05,0.000347399
1036.771,5.49E-05,0.000375285
1037.494,4.00E-05,-3.07E-05
1038.217,4.89E-07,0.000504275
1038.941,-2.11E-05,-0.000315131
1039.664,-1.29E-05,0.0006327
1040.387,3.27E-06,0.000506151
1041.109,-1.29E-05,8.48E-05
1041.832,4.69E-05,-0.000317142
1042.555,6.84E-05,0.000229143
1043.278,0.000105743,0.000225076
1044,0.000105281,9.07E-05
1044.723,0.000107475,8.97E-05
1045.445,0.000114582,-0.000184243
1046.167,0.000139923,0.000365794
1046.89,9.51E-05,0.000228443
1047.612,5.34E-05,0.00036437
1048.334,1.30E-05,7.10E-05
1049.056,1.55E-05,0.000492275
1049.778,-1.60E-06,0.000360099
1050.499,-4.22E-05,8.74E-05
1051.221,-3.23E-05,0.000237075
1051.943,-7.09E-06,-0.000170549
1052.664,-1.03E-05,0.00022598
1053.386,-1.81E-05,-1.27E-05
1054.107,1.45E-05,-2.84E-05
1054.828,8.10E-05,0.000355738
1055.55,6.74E-05,0.000216127
1056.271,9.25E-06,0.000503303
1056.992,-3.62E-05,0.000218907
1057.713,-3.38E-05,-2.76E-05
1058.434,-1.16E-05,0.000223358
1059.154,-1.16E-05,0.000490016
1059.875,2.16E-05,0.0004904
1060.596,5.60E-05,8.01E-05
1061.316,7.00E-05,8.50E-05
1062.037,6.07E-05,-0.000463442
1062.757,1.20E-05,0.000362901
1063.477,4.82E-05,0.00023355
1064.197,2.54E-05,-1.89E-05
1064.917,-2.63E-05,9.95E-05
1065.637,-3.53E-05,0.000770028
1066.357,-3.02E-05,0.000339942
1067.077,6.51E-05,0.000390855
1067.797,0.000129367,0.000359173
1068.517,1.31E-04,-3.73E-05
1069.236,0.000178216,-4.23E-05
1069.956,0.000145053,-6.52E-05
1070.675,1.06E-04,0.000492456
1071.394,1.21E-04,-0.000315899
1072.114,7.17E-05,7.79E-05
1072.833,6.72E-05,7.56E-05
1073.552,4.96E-05,8.36E-05
1074.271,2.97E-06,-6.56E-05
1074.99,-3.54E-05,8.71E-05
1075.709,-3.08E-05,-6.30E-05
1076.427,2.88E-05,0.000194388
1077.146,9.96E-05,-0.000186367
1077.864,6.85E-05,8.50E-05
1078.583,7.19E-05,0.000913187
1079.301,-8.01E-06,-3.79E-05
1080.02,-7.96E-05,-0.000186119
1080.738,-0.000105994,8.00E-05
1081.456,-9.29E-05,-5.70E-05
1082.174,4.71E-06,0.000218432
1082.892,6.86E-05,0.001157449
1083.61,0.000119276,-5.36E-05
1084.328,0.000154695,-0.000173147
1085.045,0.000125374,7.03E-05
1085.763,5.18E-05,-5.33E-05
1086.48,9.83E-06,-0.000145623
1087.198,-3.77E-05,0.000223449
1087.915,-3.26E-05,0.000223923
1088.632,-2.67E-05,0.000491846
1089.35,2.02E-05,8.94E-05
1090.067,6.16E-05,-0.000211926
1090.784,7.71E-05,0.000341478
1091.501,3.97E-05,-6.35E-05
1092.217,3.48E-05,0.000476525
1092.934,2.61E-05,0.000631073
1093.651,3.68E-05,-3.02E-05
1094.367,2.33E-05,-0.00044446
1095.084,7.64E-05,9.70E-05
1095.8,3.07E-05,-6.07E-05
1096.517,4.63E-05,0.00048014
1097.233,9.98E-05,9.47E-05
1097.949,0.000105746,7.15E-05
1098.665,7.35E-05,0.000192625
1099.381,5.17E-05,0.000500501
1100.097,2.94E-05,7.60E-05
1100.813,4.22E-05,7.58E-05
1101.528,-3.17E-05,-0.00047691
1102.244,5.99E-05,-0.000184198
1102.96,9.24E-05,0.000215246
1103.675,1.00E-04,0.000378426
1104.39,1.11E-04,7.76E-05
1105.106,0.000149337,0.000215042
1105.821,0.000187394,-0.000177125
1106.536,0.000130442,0.00106647
1107.251,8.91E-05,-0.00028903
1107.966,1.15E-04,0.00023807
1108.681,0.000104097,0.000238951
1109.396,8.92E-05,-0.000177012
1110.11,8.29E-05,0.00091861
1110.825,0.000129096,0.000105306
1111.539,0.000128211,0.000512546
1112.254,9.42E-05,0.000668246
1112.968,9.22E-05,-0.000145849
1113.682,5.75E-05,-2.47E-05
1114.397,1.30E-05,-0.000152786
1115.111,-3.66E-05,-5.94E-06
1115.825,-4.28E-05,0.000245324
1116.539,-1.27E-05,0.000662529
1117.252,-4.52E-06,-0.000427466
1117.966,1.26E-05,0.000658868
1118.68,2.91E-05,0.000538669
1119.393,7.01E-06,-7.41E-06
1120.107,3.35E-05,0.000649106
1120.82,8.24E-05,0.000267266
1121.533,0.000172202,0.000396279
1122.247,9.96E-05,0.000156287
1122.96,9.07E-05,-0.000249913
1123.673,5.55E-05,0.000111204
1124.386,2.41E-05,0.000516003
1125.099,2.94E-05,0.000237776
1125.811,8.73E-05,0.000113419
1126.524,8.71E-05,0.000222477
1127.237,8.41E-05,0.000229867
1127.949,-1.39E-05,0.000482558
1128.662,1.91E-05,0.000376099
1129.374,-2.47E-05,-0.000316826
1130.086,-5.21E-05,0.000231539
1130.799,-2.75E-05,-0.000432415
1131.511,2.63E-05,0.000757757
1132.223,3.54E-05,0.000748989
1132.935,5.67E-05,0.00020876
1133.646,7.30E-05,0.000132062
1134.358,3.49E-05,0.000269865
1135.07,-2.28E-05,0.000263447
1135.781,-5.14E-05,-6.80E-06