Wavelength (nm),Dual-Gs,Dual-Rho
348.557,6.51E-06,-3.28E-04
349.353,6.51E-06,-1.69E-04
350.149,6.51E-06,-2.01E-04
350.945,4.52E-05,-3.25E-06
351.741,0.000125734,-2.99E-04
352.536,0.000235223,-2.45E-04
353.332,0.000328174,-2.28E-04
354.128,0.000346455,-8.87E-05
354.923,0.000384749,4.96E-05
355.719,0.000343606,-3.03E-05
356.514,0.000352489,-2.21E-04
357.31,0.000419892,-3.71E-04
358.105,0.000456372,-5.27E-04
358.9,0.000483593,-4.57E-04
359.695,0.000475307,-6.09E-04
360.49,0.000394009,-9.96E-04
361.285,0.000310554,-9.90E-04
362.08,0.00031245,-5.01E-04
362.875,0.000398619,1.37E-04
363.669,0.000503134,8.67E-04
364.464,0.000523935,0.000887268
365.259,0.000607827,7.31E-04
366.053,0.000646074,5.51E-04
366.848,0.000573771,3.75E-04
367.642,0.000506498,3.79E-04
368.436,0.000446952,1.79E-04
369.23,0.000354628,3.23E-04
370.025,0.00030541,5.48E-04
370.819,0.000226356,0.000808546
371.613,0.000181226,7.67E-04
372.406,0.000177209,3.81E-04
373.2,0.000168523,2.81E-04
373.994,0.000154352,5.26E-05
374.788,0.000174255,-1.57275E-05
375.581,0.000178171,-0.000599165
376.375,0.00026622,-9.80E-04
377.168,0.000288894,-1.19E-03
377.962,0.000303553,-8.44E-04
378.755,0.000344793,-5.70E-05
379.548,0.000347934,0.000543959
380.341,0.000275229,0.000884542
381.134,0.000309909,5.75E-04
381.927,0.000350052,0.00084849
382.72,0.000385632,4.78E-04
383.513,0.000388887,4.28E-04
384.306,0.000380234,1.32E-06
385.098,0.000361736,-6.63E-05
385.891,0.000321649,3.04E-04
386.684,0.000309982,0.000676926
387.476,0.000270804,0.000923372
388.268,0.000297445,3.07E-04
389.061,0.000349627,-1.03E-04
389.853,0.000304666,-1.02E-04
390.645,0.000232999,0.000552355
391.437,0.000271086,1.33E-03
392.229,0.000251016,0.001446239
393.021,0.000284653,0.001255921
393.813,0.000301785,0.000709925
394.605,0.000365084,0.000734894
395.396,0.000351723,0.001004557
396.188,0.000287898,1.16E-03
396.979,0.00024074,0.001182679
397.771,0.000236686,0.000724912
398.562,0.000200255,0.000264376
399.353,0.000226262,-2.55E-04
400.145,0.00029571,-5.25E-04
400.936,0.000328568,-0.000769383
401.727,0.000386632,-5.11E-04
402.518,0.000516294,0.000354824
403.309,0.000592931,0.001305956
404.1,0.000621225,0.002151012
404.89,0.000577229,0.001937944
405.681,0.000455177,1.01E-03
406.472,0.000376571,-0.000546725
407.262,0.000349701,-0.001372361
408.053,0.000366169,-0.001765204
408.843,0.000372511,-1.65E-03
409.633,0.000399061,-0.001751435
410.424,0.000421255,-0.002000014
411.214,0.000431186,-0.002069372
412.004,0.000399108,-0.00192733
412.794,0.000420779,-0.001126663
413.584,0.000465346,-0.00089997
414.374,0.000451026,-5.43E-04
415.163,0.000443758,-0.000827538
415.953,0.000471156,-1.27E-03
416.743,0.000516134,-0.002029125
417.532,0.000560229,-2.45E-03
418.322,0.000535576,-0.002110987
419.111,0.000482511,-0.00145684
419.9,0.000434416,-0.000625101
420.69,0.000373766,-0.000518567
421.479,0.000335719,-1.04E-03
422.268,0.000387364,-0.00163325
423.057,0.000435697,-0.001910126
423.846,0.000492108,-0.001478443
424.635,0.000446896,-0.000849731
425.424,0.000398338,0.000415911
426.212,0.00030442,0.001267071
427.001,0.000172636,1.48E-03
427.789,8.05E-05,0.000930763
428.578,4.78E-05,8.57068E-05
429.366,5.24E-05,-4.27E-04
430.155,0.000139597,-0.000717718
430.943,0.000215879,-0.000613095
431.731,0.000318121,-3.40E-04
432.519,0.00033758,-0.000211382
433.307,0.000338385,-6.96E-04
434.095,0.00034361,-0.001123885
434.883,0.000342688,-1.66E-03
435.671,0.000334173,-0.001761008
436.458,0.000377229,-0.001059661
437.246,0.000402325,1.98E-04
438.033,0.000412671,0.00178415
438.821,0.000310154,0.002767165
439.608,0.000306836,0.003143917
440.396,0.000320418,0.002843736
441.183,0.000318676,2.11E-03
441.97,0.000297137,0.001472872
442.757,0.000332005,0.001135516
443.544,0.000334799,0.000942423
444.331,0.000308589,0.000766685
445.118,0.000193048,0.000680127
445.905,0.000216455,0.000454852
446.691,0.000237082,-1.32E-04
447.478,0.000291154,-0.000690541
448.265,0.000276913,-0.001230977
449.051,0.000306224,-1.09E-03
449.837,0.000322852,-0.000664538
450.624,0.000351775,-0.000328846
451.41,0.00034557,1.01E-04
452.196,0.00040525,0.000132423
452.982,0.00047561,0.000473108
453.768,0.000558414,0.000143262
454.554,0.000578948,-6.26E-05
455.34,0.000597061,-0.000580939
456.126,0.000563567,-1.16E-03
456.912,0.000607,-1.33E-03
457.697,0.000523736,-0.001320307
458.483,0.000590364,-0.000709403
459.268,0.000614957,-0.000376488
460.054,0.000616918,6.85018E-05
460.839,0.000707502,0.000221644
461.624,0.000764203,5.64E-04
462.409,0.000784126,1.18E-03
463.194,0.00084739,1.99E-03
463.979,0.000896177,0.002371195
464.764,0.001106316,0.001615472
465.549,0.001190407,0.000541258
466.334,0.001262143,-0.000316006
467.119,0.00138174,-0.000325993
467.903,0.001493212,0.000201127
468.688,0.001483918,0.000324861
469.472,0.001500268,-0.000264403
470.257,0.001611039,-0.001452365
471.041,0.001736468,-0.002131517
471.825,0.001768433,-0.001988917
472.609,0.001841649,-0.001039547
473.393,0.002089727,-0.00021835
474.177,0.002320113,0.000527386
474.961,0.002363056,0.000646127
475.745,0.002515472,4.68E-04
476.529,0.002563082,0.000591195
477.313,0.002558229,0.000542922
478.096,0.002527074,0.000827036
478.88,0.002655381,0.000825356
479.663,0.002757169,0.000772644
480.447,0.002947433,7.63E-04
481.23,0.003031372,6.16E-04
482.013,0.003331502,0.000549643
482.796,0.003601827,0.000522455
483.579,0.00388668,5.63E-05
484.362,0.00422032,-0.000055823
485.145,0.004627424,-0.00044731
485.928,0.004688281,-3.65E-04
486.711,0.005037957,-0.000183147
487.494,0.005403087,1.72E-04
488.276,0.005818429,0.000593966
489.059,0.006240558,6.07E-04
489.841,0.006648649,0.000747663
490.623,0.006942619,3.63E-04
491.406,0.007406823,-0.000126243
492.188,0.007682667,-0.000506324
492.97,0.008238429,-0.000730488
493.752,0.008447338,-0.000124023
494.534,0.008334377,0.000274369
495.316,0.008010944,0.000540148
496.098,0.010302212,0.00037147
496.88,0.016501147,-0.000518888
497.661,0.028575104,-0.00089545
498.443,0.048706307,-0.001696117
499.224,0.079092446,-2.52E-03
500.006,0.115954922,-3.44E-03
500.787,0.159377368,-0.004015135
501.569,0.207441597,-4.01E-03
502.35,0.259448693,-0.00371708
503.131,0.312042268,-0.004089948
503.912,0.364039684,-0.004360166
504.693,0.416610974,-4.49E-03
505.474,0.47122129,-0.00406362
506.255,0.524010524,-0.003151977
507.035,0.57860332,-0.003385019
507.816,0.63509142,-3.93E-03
508.597,0.691938442,-5.37E-03
509.377,0.746286771,-0.006195886
510.158,0.798258329,-0.005958713
510.938,0.845988554,-0.005523146
511.718,0.889536736,-0.004754661
512.498,0.924393896,-4.29E-03
513.279,0.953867788,-0.003920949
514.059,0.975825065,-0.003868237
514.839,0.989419139,-0.004267183
515.618,0.995266991,-0.004661691
516.398,0.994843035,-0.005511185
517.178,0.98843003,-0.006128748
517.958,0.977096571,-0.006029427
518.737,0.959822433,-0.005654895
519.517,0.939028186,-0.004792638
520.296,0.913321654,-0.004142894
521.075,0.883746221,-0.003705839
521.855,0.851171879,-0.003534084
522.634,0.816084052,-0.003521877
523.413,0.780450424,-3.35E-03
524.192,0.744423991,-3.22E-03
524.971,0.709270922,-0.003303386
525.75,0.675387541,-0.003590805
526.529,0.643787398,-0.004072981
527.307,0.614946589,-0.004586784
528.086,0.588346727,-0.004600101
528.865,0.563754706,-0.004368168
529.643,0.541293173,-0.004729939
530.421,0.520241649,-0.005113349
531.2,0.500427385,-0.005077838
531.978,0.481111606,-0.004133461
532.756,0.462680883,-0.001809141
533.534,0.44534432,0.000789836
534.312,0.42915071,0.002759044
535.09,0.414252563,0.0041917
535.868,0.401373485,0.005620471
536.646,0.390079766,0.007483701
537.424,0.380013641,0.00914496
538.201,0.37046871,0.010292971
538.979,0.36147203,0.010991543
539.756,0.352822597,0.012414766
540.534,0.344903039,0.012910258
541.311,0.335814299,0.012849778
542.088,0.3226251,0.012235545
542.865,0.302198264,0.010453881
543.642,0.273112455,0.011193513
544.419,0.235171593,0.01158691
545.196,0.190479827,0.011555838
545.973,0.143279723,0.009883482
546.75,0.09876245,0.006070465
547.527,0.060903329,0.003698982
548.303,0.032308078,0.001626015
549.08,0.013463545,0.001386869
549.856,0.003429671,0.001851289
550.632,-0.000283745,0.001828539
551.409,-0.000390342,0.002144256
552.185,0.000537303,0.00227132
552.961,0.001063983,0.002745172
553.737,0.001121476,0.002902199
554.513,0.001135238,0.003053121
555.289,0.001150892,0.00293549
556.065,0.001049745,0.002906638
556.841,0.00096097,0.003797747
557.616,0.000944147,0.005033981
558.392,0.000940048,0.006034954
559.167,0.000974835,0.005975029
559.943,0.00096484,0.005337491
560.718,0.000660554,0.004434175
561.493,0.000738776,0.004137878
562.269,0.00078253,0.004686082
563.044,0.000838954,0.004875845
563.819,0.000903349,0.00510001
564.594,0.000904824,0.004928003
565.369,0.000904891,0.005723676
566.143,0.000894254,0.006746288
566.918,0.000819057,0.008895271
567.693,0.000706651,0.011680127
568.467,0.000625003,0.017338618
569.242,0.000979054,0.031206857
570.016,0.002223264,0.059761759
570.791,0.004966651,0.110002362
571.565,0.009492021,0.184920486
572.339,0.015975321,0.27756481
573.113,0.024069618,0.378257419
573.887,0.033227118,0.47979009
574.661,0.042602288,0.579703116
575.435,0.051446682,0.674863743
576.209,0.058881818,0.764854159
576.982,0.064565709,0.839207987
577.756,0.068192785,0.893261052
578.529,0.070076182,0.927728017
579.303,0.070575497,0.947051667
580.076,0.070141567,0.96191866
580.85,0.06927263,0.970158926
581.623,0.068243734,0.978221637
582.396,0.067217973,0.984471611
583.169,0.066284121,0.986868618
583.942,0.065460606,0.985164635
584.715,0.064818785,0.979564405
585.488,0.064186518,0.968289594
586.261,0.063346397,0.955900064
587.033,0.062527997,0.94354438
587.806,0.061593173,0.930279831
588.578,0.060643388,0.917460282
589.351,0.059710567,0.900584686
590.123,0.05899504,0.8839327
590.895,0.058384373,0.867388912
591.668,0.057820012,0.850528297
592.44,0.057312236,0.835480974
593.212,0.056910333,0.819158022
593.984,0.056559188,0.800683311
594.756,0.056077315,0.782759025
595.527,0.055581742,0.764549539
596.299,0.055115736,0.747542996
597.071,0.054565543,0.729717475
597.842,0.053977833,0.710429891
598.614,0.05339966,0.692585504
599.385,0.052819627,0.675034086
600.157,0.052258224,0.660068328
600.928,0.051501691,0.645088698
601.699,0.05080657,0.628820677
602.47,0.050123503,0.610966303
603.241,0.049433724,0.592151462
604.012,0.048540391,0.575608229
604.783,0.047705803,0.560145869
605.554,0.046835191,0.547759667
606.324,0.0459496,0.535390112
607.095,0.045032091,0.522468468
607.866,0.044263734,0.508353869
608.636,0.043493827,0.493920225
609.406,0.042668158,0.48209166
610.177,0.041660067,0.471539835
610.947,0.040805969,0.462175417
611.717,0.039924009,0.451733455
612.487,0.039109752,0.440516349
613.257,0.038289591,0.429081183
614.027,0.037472467,0.419535879
614.797,0.036643246,0.411114727
615.567,0.035803303,0.403745595
616.336,0.034945539,0.396843657
617.106,0.034063154,0.390879992
617.875,0.033280194,0.385624332
618.645,0.032554303,0.379912575
619.414,0.03194067,0.373770244
620.184,0.031187785,0.366842782
620.953,0.030582688,0.360550084
621.722,0.030098594,0.356089542
622.491,0.029630424,0.352298165
623.26,0.029055431,0.348365298
624.029,0.028585961,0.343676153
624.798,0.028172143,0.33859361
625.566,0.027837336,0.334276778
626.335,0.027380224,0.330500936
627.103,0.02697886,0.327383163
627.872,0.026555988,0.324332527
628.64,0.02607593,0.321799579
629.409,0.025510034,0.319468045
630.177,0.024892467,0.316900141
630.945,0.024404476,0.312860185
631.713,0.023897385,0.308037873
632.481,0.023509215,0.302087525
633.249,0.023079188,0.297231366
634.017,0.022714515,0.292982782
634.785,0.022376873,0.289611991
635.552,0.021957557,0.286627384
636.32,0.021503373,0.283482422
637.088,0.021120642,0.280945034
637.855,0.020658118,0.27716309
638.622,0.020291882,0.273100385
639.39,0.019902849,0.267582275
640.157,0.019611588,0.26095
640.924,0.019367251,0.254014216
641.691,0.019055336,0.247924597
642.458,0.018804588,0.243440751
643.225,0.018538788,0.240242522
643.992,0.018199021,0.237115316
644.758,0.017886306,0.233655192
645.525,0.017582237,0.22917634
646.292,0.01728237,0.224120985
647.058,0.017018049,0.218736597
647.825,0.016676233,0.212336255
648.591,0.016423206,0.204702453
649.357,0.016155903,0.196881108
650.123,0.015899442,0.190158391
650.889,0.015647979,0.185890941
651.655,0.015461851,0.183665942
652.421,0.015293618,0.182303199
653.187,0.015140403,0.179683137
653.953,0.01487904,0.175111067
654.719,0.014611191,0.169660651
655.484,0.014358758,0.163536076
656.25,0.01420904,0.158458527
657.015,0.014046218,0.153832081
657.781,0.013860067,0.1502399
658.546,0.013659503,0.14767144
659.311,0.01351077,0.145747731
660.076,0.013214,0.143615393
660.841,0.013013869,0.13974467
661.606,0.012757561,0.134545052
662.371,0.012607773,0.129370956
663.136,0.012462239,0.125649492
663.901,0.012284124,0.123359573
664.665,0.011980664,0.121061332
665.43,0.011834579,0.117944113
666.195,0.011645227,0.114014575
666.959,0.01148447,0.110674856
667.723,0.011235851,0.107732974
668.488,0.011046194,0.105174501
669.252,0.010829224,0.10239242
670.016,0.010658815,0.099768474
670.78,0.010445931,0.097441379
671.544,0.010321294,0.095190301
672.308,0.010222212,0.093001368
673.071,0.010048391,0.090654853
673.835,0.009926921,0.08977595
674.599,0.009792325,0.089192235
675.362,0.009648403,0.089695495
676.126,0.009499994,0.088612958
676.889,0.009418585,0.086422915
677.652,0.009246503,0.0831864
678.416,0.009118785,0.079582566
679.179,0.008950754,0.077490734
679.942,0.008821728,0.075459936
680.705,0.008725231,0.074748047
681.468,0.00853414,0.073055161
682.231,0.008320234,0.071169738
682.993,0.008177524,0.068842643
683.756,0.008038894,0.066993841
684.518,0.007888058,0.066212594
685.281,0.007795612,0.064828766
686.043,0.007671212,0.064054733
686.806,0.007579094,0.062328
687.568,0.007382506,0.061521229
688.33,0.007227409,0.061424683
689.092,0.007083546,0.061248792
689.854,0.0069407,0.060959708
690.616,0.006772606,0.059452701
691.378,0.006654145,0.058539397
692.14,0.006504091,0.058214247
692.902,0.00640974,0.057576155
693.663,0.006340585,0.056333817
694.425,0.006295612,0.054339086
695.186,0.006233525,0.051696274
695.948,0.006081409,0.049734834
696.709,0.005952449,0.048243918
697.47,0.005815303,0.046775751
698.231,0.005703203,0.045955664
698.992,0.005486891,0.04462011
699.753,0.005361439,0.043922647
700.514,0.005296285,0.042701949
701.275,0.005215924,0.041557822
702.036,0.005110124,0.041289269
702.796,0.005018539,0.041260416
703.557,0.004905237,0.041491238
704.317,0.004771497,0.040843714
705.078,0.004463324,0.03909978
705.838,0.004189158,0.036820959
706.598,0.003816564,0.034162057
707.358,0.003349119,0.031477631
708.119,0.00281253,0.028390929
708.879,0.002250161,0.024703311
709.638,0.001709236,0.020770444
710.398,0.001246794,0.017012359
711.158,0.000832458,0.013789161
711.918,0.000578803,0.010819535
712.677,0.000429337,0.008105147
713.437,0.000361106,0.005831319
714.196,0.000352427,0.004693296
714.956,0.00033903,0.004197249
715.715,0.000278072,0.004362598
716.474,0.000246269,0.004133439
717.233,0.000178651,0.003777217
717.992,0.000162018,0.003194611
718.751,0.000168215,0.00257261
719.51,0.000151001,0.002082666
720.269,0.000169476,0.001506719
721.028,0.000130751,0.001353022
721.786,6.06E-05,0.001334156
722.545,4.67E-05,0.00134137
723.303,2.68E-05,0.00109612
724.062,7.11606E-05,0.000843658
724.82,0.000103202,0.000691625
725.578,0.000117695,7.85E-04
726.336,0.000121371,0.000682795
727.095,0.000142533,0.000512452
727.853,0.000127359,4.25E-04
728.61,0.000162162,0.000657224
729.368,0.000172219,0.0012992
730.126,0.000176004,0.00142127
730.884,0.000175063,0.001007342
731.641,0.000117181,2.91193E-05
732.399,7.88662E-05,-0.000987944
733.156,2.88E-05,-0.001285981
733.914,-1.34E-05,-0.001032964
734.671,3.69E-05,-8.02645E-05
735.428,5.34E-05,5.97E-04
736.185,0.000087612,0.000847904
736.942,0.000165013,0.000664245
737.699,0.000178863,2.26E-04
738.456,0.000203901,-1.01E-04
739.213,0.000164455,-0.000340974
739.969,0.000149282,-0.000368052
740.726,0.000119524,-0.000385808
741.483,8.93473E-05,-0.000171076
742.239,0.000070112,1.37E-05
742.995,0.000121568,0.000206675
743.752,0.000143224,-4.35679E-05
744.508,0.000208545,-0.000473032
745.264,0.000275388,-1.15E-03
746.02,0.000251469,-0.001607726
746.776,0.000197487,-0.001937869
747.532,0.000130435,-0.001831891
748.288,8.88776E-05,-0.001236523
749.043,6.09E-05,-0.000546158
749.799,6.21E-05,7.52885E-05
750.555,0.000111501,-0.000102158
751.31,0.000181266,-9.07E-04
752.066,0.000185531,-1.88E-03
752.821,0.000211414,-2.40E-03
753.576,0.000243302,-0.001820793
754.331,0.000311343,-0.000382589
755.086,0.000328854,0.001129412
755.841,0.000334833,0.002213614
756.596,0.000312921,0.002132604
757.351,0.000345573,0.001459
758.106,0.000300329,0.000966282
758.861,0.000251483,0.001207648
759.615,0.000214664,2.18E-03
760.37,0.000180158,0.002581488
761.124,0.000150661,0.002433361
761.878,0.000097846,0.001886376
762.633,0.000084231,0.001078563
763.387,0.000144043,6.45E-04
764.141,0.000175833,2.82E-05
764.895,0.000210165,-3.79E-04
765.649,0.000183034,-4.61E-04
766.403,0.000184301,-0.000242029
767.157,0.0001431,5.33E-04
767.91,0.00011404,4.42E-04
768.664,0.000074452,-5.28E-05
769.417,4.14E-05,-7.07E-04
770.171,6.00E-06,-1.04E-03
770.924,-2.20E-05,-5.95E-04
771.677,-3.66E-05,-5.32E-05
772.431,-1.21E-05,7.07E-04
773.184,-2.22E-05,1.04E-03
773.937,4.05E-05,1.09E-03
774.69,6.37E-05,6.10E-04
775.443,6.68E-05,-2.72E-04
776.196,2.69E-05,-8.47E-04
776.948,5.33E-05,-1.03E-03
777.701,5.22E-05,-6.38E-04
778.453,4.28E-05,-4.73E-04
779.206,7.57624E-05,-3.97E-04
779.958,0.000125493,-3.85E-04
780.711,0.000141107,2.72E-04
781.463,0.000136656,1.05E-03
782.215,9.12254E-05,1.41E-03
782.967,7.90867E-05,1.19E-03
783.719,1.18E-05,3.12E-04
784.471,2.59E-05,-4.09E-04
785.223,7.90146E-05,-1.13E-03
785.975,0.000113217,-1.40E-03
786.726,0.000176986,-1.52E-03
787.478,0.000171875,-1.42E-03
788.229,0.000181266,-7.98E-04
788.981,0.000126757,-4.86E-04
789.732,0.000108637,-3.35E-04
790.483,0.000150084,-7.06E-04
791.234,0.000122989,-1.09E-03
791.986,0.000115257,-1.84E-03
792.737,0.000136689,-2.33E-03
793.487,0.000133754,-2.39E-03
794.238,0.000151663,-2.44E-03
794.989,8.75875E-05,-2.14E-03
795.74,0.000121198,-1.81E-03
796.49,0.000114281,-1.03E-03
797.241,5.67E-05,-5.91E-04
797.991,2.95E-05,-1.81E-04
798.742,-2.06E-05,2.24E-04
799.492,-2.41E-05,6.58E-04
800.242,-3.77E-05,8.90E-04
800.992,-4.10E-05,1.01E-03
801.742,3.48E-05,5.73E-04
802.492,3.73E-05,-8.38E-05
803.242,4.76E-05,-4.36E-04
803.992,8.93179E-05,-6.61E-04
804.742,0.000097041,-6.52E-04
805.491,0.000106206,-9.65E-04
806.241,0.000105086,-1.18E-03
806.99,0.000142771,-8.89E-04
807.739,0.000162628,-2.68E-04
808.489,0.000161813,6.02E-04
809.238,0.000111025,1.09E-03
809.987,9.13192E-05,9.88E-04
810.736,8.99794E-05,3.00E-04
811.485,5.88E-05,-5.57E-04
812.234,6.13E-05,-1.03E-03
812.983,9.32554E-05,-1.22E-03
813.732,0.000129182,-1.55E-03
814.48,0.000170269,-1.90E-03
815.229,0.000158109,-2.13E-03
815.977,0.000113236,-1.86E-03
816.726,0.000103797,-1.12E-03
817.474,7.00791E-05,-3.12E-04
818.222,7.12362E-05,1.00E-04
818.97,9.15845E-05,2.48E-04
819.718,9.03728E-05,8.22E-04
820.466,9.76724E-05,1.12E-03
821.214,0.000132606,8.99E-04
821.962,0.000110258,5.25E-05
822.71,0.000144788,-6.60E-04
823.457,0.000118637,-5.95E-04
824.205,0.000134632,-1.66E-04
824.952,0.000136142,8.79E-04
825.7,6.30E-05,1.16E-03
826.447,5.57E-05,1.01E-03
827.194,9.16447E-05,7.73E-04
827.942,0.000111933,1.40E-04
828.689,0.000143615,-3.73E-04
829.436,0.000134651,-1.01E-03
830.183,0.000141748,-1.35E-03
830.929,0.000136204,-1.73E-03
831.676,0.000120163,-2.13E-03
832.423,0.000164115,-2.53E-03
833.169,0.000167567,-2.34E-03
833.916,0.00013652,-1.77E-03
834.662,0.000105967,-1.05E-03
835.409,8.55561E-05,-5.16E-04
836.155,6.79E-05,-7.36E-04
836.901,0.000103999,-1.11E-03
837.647,0.00016514,-1.11E-03
838.393,0.000190129,-6.83E-04
839.139,0.000133886,4.37E-04
839.885,7.74543E-05,1.02E-03
840.631,5.10E-05,1.19E-03
841.376,6.71E-05,1.27E-03
842.122,5.26E-05,1.20E-03
842.867,0.000109112,1.65E-03
843.613,0.000145667,1.48E-03
844.358,0.000148385,9.66E-04
845.104,0.000132464,-1.40E-05
845.849,0.000116767,-1.20E-03
846.594,0.000130464,-1.67E-03
847.339,0.000173536,-1.81E-03
848.084,0.000166552,-1.26E-03
848.829,0.000199445,-3.86E-04
849.573,0.000181012,4.99E-04
850.318,0.000193549,1.34E-03
851.063,0.000181706,1.63E-03
851.807,0.000152224,1.78E-03
852.552,0.000135136,1.43E-03
853.296,0.000129988,8.02E-04
854.04,0.000122058,-2.31E-04
854.784,0.000130103,-8.48E-04
855.529,0.000145082,-1.15E-03
856.273,0.000226785,-1.26E-03
857.017,0.000250758,-1.26E-03
857.76,0.000211964,-1.64E-03
858.504,0.000122464,-1.49E-03
859.248,7.46788E-05,-1.05E-03
859.992,4.10E-05,-5.09E-05
860.735,1.14E-05,5.02E-04
861.479,9.14816E-05,8.85E-04
862.222,0.000204915,4.28E-04
862.965,0.000266204,1.65E-04
863.708,0.000255382,2.03E-04
864.452,0.000169908,2.58E-04
865.195,0.0001725,6.08E-04
865.938,0.000180867,3.05E-04
866.68,0.000111103,3.20E-04
867.423,0.000180079,-2.03E-04
868.166,0.000221334,-2.70E-04
868.908,0.000272525,-2.11E-04
869.651,0.000253959,-7.48E-05
870.394,0.000201707,-2.05E-04
871.136,0.00020222,-6.39E-04
871.878,0.000175601,-1.18E-03
872.62,0.000130814,-1.80E-03
873.363,0.000128846,-2.22E-03
874.105,0.000121978,-2.55E-03
874.847,0.000152018,-2.47E-03
875.588,0.000179343,-2.27E-03
876.33,0.000196986,-1.35E-03
877.072,0.000176495,-7.78E-04
877.814,0.000170049,-4.27E-04
878.555,0.000199973,-6.47E-04
879.297,0.000212237,-1.01E-03
880.038,0.000213021,-9.74E-04
880.779,0.000243427,-7.53E-04
881.52,0.000260673,-4.96E-04
882.262,0.000229309,-5.26E-04
883.003,0.000179866,-6.75E-04
883.744,0.000170127,-7.96E-04
884.485,0.000181243,-7.86E-04
885.225,0.000222352,-8.99E-04
885.966,0.000203433,-5.91E-04
886.707,0.000233328,-2.17E-04
887.447,0.000235439,2.81E-04
888.188,0.000209315,8.08E-04
888.928,0.000205143,9.01E-04
889.668,0.000192053,5.58E-04
890.409,0.00017374,-3.75E-05
891.149,0.000118608,-5.95E-04
891.889,7.76286E-05,-5.85E-04
892.629,6.34E-05,-4.31E-04
893.369,3.69E-05,3.62E-04
894.108,5.40E-05,8.99E-04
894.848,0.000104168,8.06E-04
895.588,0.000141541,6.74E-04
896.327,0.000162621,2.48E-05
897.067,0.000157611,-3.35E-04
897.806,0.000146916,-5.83E-04
898.546,0.000102155,-4.76E-04
899.285,0.000093723,-1.49E-04
900.024,0.000124209,-4.22E-04
900.763,0.000100577,-9.32E-04
901.502,7.73941E-05,-2.05E-03
902.241,8.31712E-05,-3.08E-03
902.98,0.0001037,-2.95E-03
903.718,7.80563E-05,-2.08E-03
904.457,9.82667E-05,-4.07E-04
905.196,0.00018646,7.36E-04
905.934,0.000204341,9.14E-04
906.672,0.0001678,5.54E-04
907.411,0.000176436,-2.13E-04
908.149,0.000198149,-1.33E-05
908.887,0.000200698,6.28E-04
909.625,0.000155248,1.15E-03
910.363,0.000153118,1.13E-03
911.101,0.00014719,7.80E-05
911.839,0.000105077,-1.06E-03
912.577,7.46025E-05,-2.17E-03
913.314,8.11734E-05,-2.56E-03
914.052,4.26E-05,-2.35E-03
914.789,3.54E-05,-1.96E-03
915.527,2.86E-06,-1.18E-03
916.264,2.14E-05,-7.74E-04
917.001,3.72E-05,-1.84E-04
917.738,0.000108408,-2.01E-04
918.475,0.000181417,-4.10E-04
919.212,0.000189816,-6.10E-04
919.949,0.000149993,-1.10E-03
920.686,0.000133903,-1.46E-03
921.423,0.000100779,-1.80E-03
922.16,6.82E-05,-1.95E-03
922.896,-1.08E-05,-1.40E-03
923.633,-3.59E-05,-5.95E-04
924.369,-3.22E-05,3.10E-04
925.105,-4.58E-05,9.79E-04
925.841,-3.26E-05,9.66E-04
926.578,-5.07E-05,1.13E-03
927.314,5.94E-06,1.09E-03
928.05,1.03E-05,9.67E-04
928.786,4.09E-05,3.57E-04
929.521,8.70765E-05,-6.61E-04
930.257,0.00012728,-1.29E-03
930.993,0.000122235,-1.54E-03
931.728,0.000157435,-1.18E-03
932.464,0.000145501,-7.76E-04
933.199,0.000156601,-7.66E-04
933.934,0.000168594,-1.32E-03
934.67,0.000219655,-2.09E-03
935.405,0.00022888,-2.57E-03
936.14,0.000222466,-2.26E-03
936.875,0.000137885,-1.37E-03
937.61,0.000123418,3.38E-05
938.345,0.000128176,8.40E-04
939.079,0.000100682,1.16E-03
939.814,8.93459E-05,1.08E-03
940.548,6.33E-05,6.76E-04
941.283,8.16641E-05,3.95E-04
942.017,0.000106089,3.00E-06
942.752,0.00012183,2.24E-04
943.486,0.000136802,5.27E-04
944.22,0.000165033,8.11E-04
944.954,0.000160467,4.78E-04
945.688,8.67895E-05,-4.72E-04
946.422,4.70E-05,-1.52E-03
947.156,3.69E-05,-2.24E-03
947.889,1.19E-05,-2.45E-03
948.623,3.44E-05,-2.84E-03
949.357,7.71848E-05,-3.02E-03
950.09,0.000148441,-3.02E-03
950.823,0.000157462,-2.36E-03
951.557,0.000155636,-1.43E-03
952.29,0.000157256,-1.21E-03
953.023,0.000158519,-9.00E-04
953.756,0.000107257,-1.53E-03
954.489,4.63E-05,-1.73E-03
955.222,5.92E-05,-1.83E-03
955.955,0.000105404,-1.60E-03
956.687,9.17175E-05,-5.82E-04
957.42,6.29E-05,-1.04E-04
958.153,1.99E-05,6.97E-04
958.885,-9.97E-06,5.00E-04
959.617,-4.72E-05,2.58E-05
960.35,-7.23163E-05,-1.37E-04
961.082,-0.000112508,-1.13E-04
961.814,-5.59E-05,3.69E-04
962.546,-1.72E-05,7.43E-04
963.278,-4.58E-05,4.90E-04
964.01,-8.81E-06,-5.82E-04
964.742,9.20E-06,-2.17E-03
965.473,8.14408E-05,-3.14E-03
966.205,0.000137855,-2.94E-03
966.937,9.16412E-05,-2.23E-03
967.668,8.39797E-05,-1.48E-03
968.399,5.32E-05,-1.34E-03
969.131,-4.82E-06,-1.47E-03
969.862,1.27E-05,-1.19E-03
970.593,-1.39E-05,-6.78E-04
971.324,1.47E-05,2.27E-04
972.055,2.13E-05,8.94E-04
972.786,-4.30E-05,6.10E-04
973.517,-5.66E-05,3.81E-04
974.247,-3.09E-05,-4.82E-04
974.978,3.14E-05,-6.14E-04
975.708,6.16E-05,-6.20E-04
976.439,7.90825E-05,-3.17E-04
977.169,0.000103539,-3.98E-05
977.899,3.49E-05,-9.22E-04
978.63,-1.65E-05,-1.06E-03
979.36,2.11E-06,-1.07E-03
980.09,2.48E-05,-3.88E-04
980.82,5.84E-05,-3.00E-05
981.55,3.69E-05,1.53E-04
982.279,6.00E-05,-2.45E-04
983.009,9.74106E-05,-6.61E-04
983.739,6.88E-05,-3.95E-04
984.468,0.000109484,2.42E-04
985.198,0.000111364,8.36E-04
985.927,0.000090825,5.95E-04
986.656,7.56E-06,1.94E-04
987.385,-1.45E-06,-7.61E-04
988.114,-3.61E-05,-1.09E-03
988.843,-1.24E-05,-9.84E-04
989.572,1.89E-05,-2.34E-04
990.301,6.00E-05,5.46E-04
991.03,7.80836E-05,8.94E-04
991.759,5.38E-05,7.99E-04
992.487,5.99E-06,-7.13E-05
993.216,7.75565E-05,-9.31E-04
993.944,2.90E-05,-1.69E-03
994.672,1.69E-05,-2.07E-03
995.401,6.48E-05,-2.25E-03
996.129,9.14361E-05,-2.53E-03
996.857,0.000089033,-2.55E-03
997.585,0.000129588,-2.33E-03
998.313,0.000175688,-1.75E-03
999.041,0.000255185,-1.16E-03
999.768,0.000218443,-1.11E-03
1000.496,0.000126746,-1.35E-03
1001.224,6.88E-05,-1.70E-03
1001.951,-1.87E-05,-1.59E-03
1002.679,-5.42E-05,-8.29E-04
1003.406,-8.19E-06,-1.88E-04
1004.133,-3.02E-06,4.82E-04
1004.86,8.27603E-05,8.84E-04
1005.587,0.000118684,1.14E-03
1006.314,8.35961E-05,1.73E-03
1007.041,7.66822E-05,1.29E-03
1007.768,5.54E-05,5.23E-04
1008.495,0.000138366,-3.98E-04
1009.221,0.00012747,-1.17E-03
1009.948,0.000114708,-1.36E-03
1010.674,7.88186E-05,-1.54E-03
1011.401,7.53109E-05,-1.57E-03
1012.127,2.98E-05,-1.45E-03
1012.853,-1.64E-05,-1.44E-03
1013.579,-2.00E-05,-1.72E-03
1014.305,5.26E-05,-2.07E-03
1015.031,6.26E-05,-2.51E-03
1015.757,0.000113729,-2.10E-03
1016.483,0.000139658,-1.27E-03
1017.209,0.000173163,-6.27E-04
1017.934,0.000123379,-2.16E-04
1018.66,4.41E-05,-3.23E-04
1019.385,4.00E-05,-1.23E-04
1020.111,1.01E-05,9.20E-05
1020.836,-5.39E-06,1.87E-04
1021.561,-1.66E-05,5.58E-05
1022.286,1.53E-05,-8.13E-05
1023.011,3.91E-05,2.38E-04
1023.736,3.46E-05,4.84E-04
1024.461,1.54E-05,5.34E-04
1025.186,9.09867E-05,2.57E-04
1025.911,0.000131937,-2.65E-04
1026.635,0.000157981,-4.15E-04
1027.36,0.000121364,-2.45E-04
1028.084,0.000114823,-3.99E-04
1028.809,7.00455E-05,-6.03E-04
1029.533,-2.83E-06,-1.18E-03
1030.257,-0.000124149,-1.22E-03
1030.981,-0.000117592,-8.47E-04
1031.705,-7.31843E-05,-7.36E-04
1032.429,-1.02E-05,-7.61E-04
1033.153,4.38E-05,-1.40E-03
1033.877,0.000133645,-1.72E-03
1034.6,0.000132571,-1.72E-03
1035.324,0.000113289,-1.52E-03
1036.047,6.26E-05,-1.02E-03
1036.771,5.49E-05,-1.24E-03
1037.494,4.00E-05,-1.65E-03
1038.217,4.89E-07,-2.27E-03
1038.941,-2.11E-05,-2.39E-03
1039.664,-1.29E-05,-2.20E-03
1040.387,3.27E-06,-1.85E-03
1041.109,-1.29E-05,-1.55E-03
1041.832,4.69E-05,-1.16E-03
1042.555,6.84E-05,-9.46E-04
1043.278,0.000105743,-7.38E-04
1044,0.000105281,-4.13E-04
1044.723,0.000107475,-5.91E-04
1045.445,0.000114582,-2.42E-04
1046.167,0.000139923,-3.28E-04
1046.89,9.51125E-05,-6.46E-04
1047.612,5.34E-05,-1.31E-03
1048.334,1.30E-05,-1.65E-03
1049.056,1.55E-05,-1.22E-03
1049.778,-1.60E-06,-3.70E-04
1050.499,-4.22E-05,2.13E-04
1051.221,-3.23E-05,5.62E-04
1051.943,-7.09E-06,1.35E-03
1052.664,-1.03E-05,2.30E-03
1053.386,-1.81E-05,3.21E-03
1054.107,1.45E-05,2.94E-03
1054.828,8.09928E-05,1.94E-03
1055.55,6.74E-05,9.81E-04
1056.271,9.25E-06,5.64E-04
1056.992,-3.62E-05,5.60E-04
1057.713,-3.38E-05,2.44E-04
1058.434,-1.16E-05,-5.16E-04
1059.154,-1.16E-05,-1.47E-03
1059.875,2.16E-05,-1.56E-03
1060.596,5.60E-05,-1.24E-03
1061.316,0.000070007,-0.000504605
1062.037,6.07E-05,2.75E-05
1062.757,1.20E-05,2.45E-04
1063.477,4.82E-05,1.74E-04
1064.197,2.54E-05,-3.52E-04
1064.917,-2.63E-05,-1.01E-03
1065.637,-3.53E-05,-1.25E-03
1066.357,-3.02E-05,-1.30E-03
1067.077,6.51E-05,-8.50E-04
1067.797,0.000129367,-0.000304957
1068.517,0.000131415,2.61E-04
1069.236,0.000178216,7.91E-04
1069.956,0.000145053,1.19E-03
1070.675,0.000106058,1.47E-03
1071.394,0.000121353,1.03E-03
1072.114,7.16821E-05,4.06E-04
1072.833,6.72E-05,-1.86E-04
1073.552,4.96E-05,-3.46E-04
1074.271,2.97E-06,-5.94E-04
1074.99,-3.54E-05,-8.89E-04
1075.709,-3.08E-05,-1.23E-03
1076.427,2.88E-05,-1.03E-03
1077.146,9.96345E-05,-5.45E-04
1077.864,6.85E-05,4.00E-04
1078.583,7.18886E-05,7.10E-04
1079.301,-8.01E-06,7.00E-05
1080.02,-7.95907E-05,-1.31E-03
1080.738,-0.000105994,-2.50E-03
1081.456,-9.28697E-05,-2.68E-03
1082.174,4.71E-06,-2.02E-03
1082.892,6.86E-05,-8.31E-04
1083.61,0.000119276,-4.73E-05
1084.328,0.000154695,5.52E-04
1085.045,0.000125374,4.35E-04
1085.763,5.18E-05,5.16E-04
1086.48,9.83E-06,4.07E-04
1087.198,-3.77E-05,8.42E-04
1087.915,-3.26E-05,1.44E-03
1088.632,-2.67E-05,1.63E-03
1089.35,2.02E-05,1.07E-03
1090.067,6.16E-05,-5.32E-04
1090.784,7.71337E-05,-1.71E-03
1091.501,3.97E-05,-2.16E-03
1092.217,3.48E-05,-1.35E-03
1092.934,2.61E-05,-1.58E-04
1093.651,3.68E-05,9.55E-04
1094.367,2.33E-05,1.36E-03
1095.084,7.64106E-05,1.32E-03
1095.8,3.07E-05,8.82E-04
1096.517,4.63E-05,5.75E-04
1097.233,9.98473E-05,3.02E-04
1097.949,0.000105746,1.74E-04
1098.665,7.35007E-05,2.67E-04
1099.381,5.17E-05,-7.70E-05
1100.097,2.94E-05,5.83E-05
1100.813,4.22E-05,2.53E-04
1101.528,-3.17E-05,9.13E-04
1102.244,5.99E-05,1.47E-03
1102.96,9.23587E-05,1.72E-03
1103.675,9.99873E-05,1.37E-03
1104.39,0.00011118,6.49E-04
1105.106,0.000149337,2.20E-04
1105.821,0.000187394,1.52E-04
1106.536,0.000130442,5.24E-04
1107.251,8.91212E-05,7.14E-04
1107.966,0.000115424,9.68E-04
1108.681,0.000104097,8.27E-04
1109.396,8.92472E-05,2.59E-04
1110.11,8.28716E-05,-2.41E-04
1110.825,0.000129096,-1.03E-03
1111.539,0.000128211,-1.21E-03
1112.254,9.42172E-05,-1.18E-03
1112.968,9.22173E-05,-8.58E-04
1113.682,5.75E-05,-7.10E-04
1114.397,1.30E-05,-1.09E-03
1115.111,-3.66E-05,-1.47E-03
1115.825,-4.28E-05,-2.07E-03
1116.539,-1.27E-05,-1.82E-03
1117.252,-4.52E-06,-1.03E-03
1117.966,1.26E-05,6.75E-06
1118.68,2.91E-05,6.09E-04
1119.393,7.01E-06,2.55E-04
1120.107,3.35E-05,-3.80E-04
1120.82,0.000082383,-8.72E-04
1121.533,0.000172202,-5.80E-04
1122.247,9.95946E-05,-2.89E-04
1122.96,9.06689E-05,-1.21E-04
1123.673,5.55E-05,-2.29E-04
1124.386,2.41E-05,-3.01E-04
1125.099,2.94E-05,3.25E-05
1125.811,8.72543E-05,5.55E-04
1126.524,8.71444E-05,1.26E-03
1127.237,8.40574E-05,1.74E-03
1127.949,-1.39E-05,1.91E-03
1128.662,1.91E-05,1.66E-03
1129.374,-2.47E-05,1.10E-03
1130.086,-5.21E-05,3.71E-04
1130.799,-2.75E-05,9.75E-05
1131.511,2.63E-05,-2.80E-05
1132.223,3.54E-05,1.75E-04
1132.935,5.67E-05,4.21E-04
1133.646,7.29813E-05,6.98E-04
1134.358,3.49E-05,9.15E-04
1135.07,-2.28E-05,1.11E-03
1135.781,-5.14E-05,1.44E-03